id,matching_id,description
408,4,PPRV СОД
409,4,PPRV СОД
410,4,PPRV СОД
411,4,PPRV СОД
412,4,PPRV СОД
413,4,PPRV СОД
414,4,PPRV СОД
415,4,PPRV СОД
416,4,PPRV СОД
417,4,PPRV СОД
418,4,PPRV СОД
419,4,PPRV СОД
420,4,PPRV СОД
421,4,PPRV СОД
422,4,PPRV СОД
423,4,PPRV СОД
424,4,PPRV СОД
425,4,PPRV СОД
426,4,PPRV СОД
427,4,PPRV СОД
428,4,PPRV СОД
429,4,PPRV СОД
430,4,PPRV СОД
431,4,PPRV СОД
432,4,PPRV СОД
433,4,PPRV СОД
434,4,PPRV СОД
435,4,PPRV СОД
436,4,PPRV СОД
437,4,PPRV СОД
438,4,PPRV СОД
439,4,PPRV СОД
440,4,PPRV СОД
441,4,PPRV СОД
442,4,PPRV СОД
443,4,PPRV СОД
444,4,PPRV СОД
445,4,PPRV СОД
446,4,PPRV СОД
447,4,PPRV СОД
448,4,PPRV СОД
449,4,PPRV СОД
450,4,PPRV СОД
451,4,PPRV СОД
452,4,PPRV СОД
453,4,PPRV СОД
454,4,PPRV СОД
455,4,PPRV СОД
456,4,PPRV СОД
457,4,PPRV СОД
458,4,PPRV СОД
459,4,PPRV СОД
460,4,PPRV СОД
461,4,PPRV СОД
462,4,PPRV СОД
463,4,PPRV СОД
464,4,PPRV СОД
465,4,PPRV СОД
466,4,PPRV СОД
467,4,PPRV СОД
468,4,PPRV СОД
469,4,PPRV СОД
470,4,PPRV СОД
471,4,PPRV СОД
472,4,PPRV СОД
473,5,PPRV СОД
474,5,PPRV СОД
475,5,PPRV СОД
476,5,PPRV СОД
477,5,PPRV СОД
478,5,PPRV СОД
479,5,PPRV СОД
480,5,PPRV СОД
481,5,PPRV СОД
482,5,PPRV СОД
483,5,PPRV СОД
484,5,PPRV СОД
485,5,PPRV СОД
486,5,PPRV СОД
487,5,PPRV СОД
488,5,PPRV СОД
489,5,PPRV СОД
490,5,PPRV СОД
491,5,PPRV СОД
492,5,PPRV СОД
493,5,PPRV СОД
494,5,PPRV СОД
495,5,PPRV СОД
496,5,PPRV СОД
497,5,PPRV СОД
498,5,PPRV СОД
499,5,PPRV СОД
500,5,PPRV СОД
501,5,PPRV СОД
502,5,PPRV СОД
503,5,PPRV СОД
504,5,PPRV СОД
505,5,PPRV СОД
506,5,PPRV СОД
507,5,PPRV СОД
508,5,PPRV СОД
509,5,PPRV СОД
510,5,PPRV СОД
511,5,PPRV СОД
512,5,PPRV СОД
513,5,PPRV СОД
514,5,PPRV СОД
515,5,PPRV СОД
516,5,PPRV СОД
517,5,PPRV СОД
518,5,PPRV СОД
519,5,PPRV СОД
520,5,PPRV СОД
521,5,PPRV СОД
522,5,PPRV СОД
523,5,PPRV СОД
524,5,PPRV СОД
525,5,PPRV СОД
526,5,PPRV СОД
527,5,PPRV СОД
528,5,PPRV СОД
529,5,PPRV СОД
530,5,PPRV СОД
531,5,PPRV СОД
532,5,PPRV СОД
533,5,PPRV СОД
534,5,PPRV СОД
535,5,PPRV СОД
536,5,PPRV СОД
537,5,PPRV СОД
